variant	canonical	score	count
माय	my	13457.78	32
ਮਾਈ	my	13457.78	8
మై	my	13457.78	8
सुपर	super	12112.00	24
ಸೂಪರ್	super	12112.00	12
సూపర్	super	12112.00	8
अल्फा	alpha	11010.91	52
परफेक्ट	perfect	11010.91	56
ଅରିହନ୍ତ	arihant	11010.91	16
પરફેક્ટ	perfect	11010.91	4
అరిహంత్	arihant	11010.91	16
আলফা	alpha	11010.91	16
অরিহন্ত	arihant	11010.91	8
અરિહંત	arihant	11010.91	32
अरिहंत	arihant	11010.91	28
ஆல்ஃபா	alpha	11010.91	4
ਪਰਫੈਕਟ	perfect	11010.91	12
పర్‌ఫెక్ట్	perfect	11010.91	4
బిగ్	big	10560.83	25
फ्यूचर	future	10093.33	68
વન	one	10093.33	12
वन	one	10093.33	20
ફ્યુચર	future	10093.33	12
ఫ్యూచర్	future	10093.33	12
వన్	one	10093.33	8
ஒன்	one	10093.33	8
ইন্দো	indo	9316.92	16
हाईटेक	hitech	9316.92	68
इंडो	indo	9316.92	52
హైటెక్	hitech	9316.92	8
হাইটেক	hitech	9316.92	28
இண்டோ	indo	9316.92	4
मां	maa	8651.43	8
హరి	hari	8651.43	24
മാ	maa	8651.43	12
हरि	hari	8651.43	24
शक्ति	shakti	8651.43	68
ଶକ୍ତି	shakti	8651.43	4
હરિ	hari	8651.43	4
মা	maa	8651.43	24
ମା	maa	8651.43	4
ಮಾ	maa	8651.43	16
ശക്തി	shakti	8651.43	4
மா	maa	8651.43	8
శక్తి	shakti	8651.43	8
शिवा	shiva	8074.67	8
ಶಿವ	shiva	8074.67	12
શિવા	shiva	8074.67	8
ಶ್ರೀ	sree	8074.67	16
சிவா	shiva	8074.67	8
ਸ਼ਿਵਾ	shiva	8074.67	8
ಗುರು	guru	7570.00	12
అర్బన్	srls	7570.00	3
ગોલ્ડ	juhapura	7570.00	3
મીડિયા	juhapura	7570.00	3
গ্রীন	sonee	7570.00	3
কেয়ার	sonee	7570.00	3
ఎస్‌ఎస్	begumpet	7570.00	3
ശ്യാം	enchakkal	7570.00	3
શિવમ	satyagruh	7570.00	3
ஃபுட்ஸ்	crossway	7570.00	3
ಪ್ರಾಪರ್ಟೀಸ್	vidyaranapura	7570.00	3
ಕ್ಲಾಸಿಕ್	nttf	7570.00	3
యూనిక్	unique	7570.00	12
ফার্স্ট	anwar	7570.00	3
டெவலப்பர்ஸ்	sambandar	7570.00	3
ഡിജിറ്റൽ	peringattu	7570.00	3
ബിഗ്	vmbroadpathadipalam	7570.00	3
કન્સલ્ટન્સી	jamalpore	7570.00	3
క్రియేటివ్	rajalingam	7570.00	3
ಹೋಟೆಲ್	dodda	7570.00	3
கிருஷ்ணா	karpagam	7570.00	3
சர்வீசஸ்	karpagam	7570.00	3
బ్రైట్	83c	7570.00	3
ట్రేడింగ్	83c	7570.00	3
এক্সপোর্টস	bharati	7570.00	3
ಬಾಂಬೆ	bombay	7570.00	12
ಡೆವಲಪರ್ಸ್	sns	7570.00	3
ইউনিভার্সাল	joka	7570.00	3
ମଡର୍ନ୍	laxmisagar	7570.00	6
ইউনিক	unique	7570.00	12
ইন্টারন্যাশনাল	raghabpur	7570.00	3
ಸುಪ್ರೀಮ್	hanumaiah	7570.00	3
ಕ್ರಿಯೇಟಿವ್	hanumaiah	7570.00	3
ஸ்ரீ	annanagar	7570.00	3
அல்	annanagar	7570.00	3
டெக்	annanagar	7570.00	3
ஷ்யாம்	padappai	7570.00	3
ট্রেডিং	subhas	7570.00	3
ઇનોવેટિવ	jamnagar	7570.00	3
ਗੋਲਡਨ	jagdish	7570.00	3
ਪ੍ਰਾ	jagdish	7570.00	3
ਲਿ	jagdish	7570.00	3
പ്രൈം	kakkavayal	7570.00	3
ಏಸ್	thyagaraja	7570.00	3
ಟೆಕ್	thyagaraja	7570.00	3
കൺസൾട്ടിംഗ്	ayanikkad	7570.00	3
விஷன்	roja	7570.00	3
எஸ்டேட்	roja	7570.00	3
কনসালট্যান্টস	alipore	7570.00	3
టెక్నాలజీ	patrika	7570.00	3
হোটেল	arrjavv	7570.00	3
ಗೋಲ್ಡ್	jakkasandra	7570.00	4
ಪ್ರಾಜೆಕ್ಟ್ಸ್	jakkasandra	7570.00	4
কনস্ট্রাকশন	jyangra	7570.00	4
સિટી	tankaria	7570.00	4
यूनिक	unique	7570.00	72
बॉम्बे	bombay	7570.00	32
গুরু	guru	7570.00	8
గురు	guru	7570.00	4
રેડ	shukan	7570.00	5
ஈஸ்டர்ன்	lights	7570.00	4
गुरु	guru	7570.00	60
நியூ	vrb	7570.00	5
இம்பெக்ஸ்	vrb	7570.00	5
சொல்யூஷன்ஸ்	thottipalayam	7570.00	5
বোম্বে	bombay	7570.00	20
ఫైనాన్స్	sunderabad	7570.00	4
রিয়েল	sodepur	7570.00	4
ବମ୍ବେ	bombay	7570.00	4
সুপ্রিম	10f	7570.00	4
ಸದರ್ನ್	saklespur	7570.00	4
ಬಿಲ್ಡರ್ಸ್	saklespur	7570.00	4
குரு	guru	7570.00	4
સુપ્રીમ	aarohi	7570.00	4
ਆਲ	highnagar	7570.00	4
ਸਾਫਟਵੇਅਰ	highnagar	7570.00	4
આદિત્ય	miyana	7570.00	4
વેન્ચર્સ	miyana	7570.00	4
स्वस्तिक	swastik	7124.71	68
జై	jay	7124.71	4
आदित्य	aditya	7124.71	56
भारत	bharat	7124.71	12
আদিত্য	aditya	7124.71	24
లక్ష్మీ	lakshmi	7124.71	4
ஸ்வஸ்திக்	swastik	7124.71	16
ஆதித்யா	aditya	7124.71	4
பாரத்	bharat	7124.71	16
భారత్	bharat	7124.71	4
ಆದಿತ್ಯ	aditya	7124.71	8
ಲಕ್ಷ್ಮಿ	lakshmi	7124.71	8
લક્ષ્મી	lakshmi	7124.71	8
સ્વસ્તિક	swastik	7124.71	4
ভারত	bharat	7124.71	16
லட்சுமி	lakshmi	7124.71	4
तिरुपति	tirupati	6728.89	40
லோட்டஸ்	lotus	6728.89	20
शिवम	shivam	6728.89	56
એસએસ	ss	6728.89	20
ब्लैक	black	6728.89	40
एसएस	ss	6728.89	68
ओम	om	6728.89	8
ஓம்	om	6728.89	4
ଏସ୍‌ଏସ୍	ss	6728.89	8
শিবম	shivam	6728.89	24
ఓం	om	6728.89	16
ఓమ్	om	6728.89	4
ବ୍ଲାକ୍	black	6728.89	8
બ્લેક	black	6728.89	4
తిరుపతి	tirupati	6728.89	12
लोटस	lotus	6728.89	24
శివం	shivam	6728.89	4
ತಿರುಪತಿ	tirupati	6728.89	36
তিরুপতি	tirupati	6728.89	4
లోటస్	lotus	6728.89	4
ಬ್ಲ್ಯಾಕ್	black	6728.89	12
சிவம்	shivam	6728.89	12
તિરુપતિ	tirupati	6728.89	8
ഓം	om	6728.89	4
எஸ்எஸ்	ss	6728.89	4
ലോട്ടസ്	lotus	6728.89	8
ಎಸ್ಎಸ್	ss	6728.89	4
सन	sun	6056.00	24
जैन	jain	6056.00	36
ജയ്	jai	6056.00	8
ಯುನಿವರ್ಸಲ್	universal	6056.00	32
ড্রিম	dream	6056.00	32
सूर्य	surya	6056.00	48
सूर्या	surya	6056.00	16
জৈন	jain	6056.00	24
ड्रीम	dream	6056.00	80
यूनिवर्सल	universal	6056.00	40
ಜೈನ್	jain	6056.00	4
ડ્રીમ	dream	6056.00	16
ಸೂರ್ಯ	surya	6056.00	8
જૈન	jain	6056.00	4
ಡ್ರೀಮ್	dream	6056.00	4
ஜைன்	jain	6056.00	4
সান	sun	6056.00	8
డ్రీమ్	dream	6056.00	16
സൺ	sun	6056.00	12
டிரீம்	dream	6056.00	4
సూర్య	surya	6056.00	4
ସୂର୍ଯ୍ୟ	surya	6056.00	12
ଜୈନ	jain	6056.00	8
யுனிவர்சல்	universal	6056.00	28
सेवन	seven	5767.62	80
शिव	shiv	5767.62	20
फॉर्च्यून	fortune	5767.62	40
ஃபார்ச்சூன்	fortune	5767.62	4
ಸೆವೆನ್	seven	5767.62	4
ಫಾರ್ಚೂನ್	fortune	5767.62	16
സെവൻ	seven	5767.62	4
ফরচুন	fortune	5767.62	8
ಶಿವ್	shiv	5767.62	4
ફોર્ચ્યુન	fortune	5767.62	4
സതേൺ	southern	5767.62	8
सदर्न	southern	5767.62	96
होटल	hotel	5505.45	56
श्याम	shyam	5266.09	56
இன்னோவேட்டிவ்	innovative	5266.09	8
శ్యామ్	shyam	5266.09	16
इनोवेटिव	innovative	5266.09	20
શ્યામ	shyam	5266.09	8
ఇన్నోవేటివ్	innovative	5266.09	8
કન્સ્ટ્રક્શન	bavala	5256.94	5
କେୟାର୍	laxmisagar	5256.94	5
સ્કાય	lml	4844.80	4
पायोनियर	pioneer	4844.80	32
ಪಯೊನೀರ್	pioneer	4844.80	8
ईस्टर्न	eastern	4844.80	44
స్టార్	begumpet	4844.80	4
ഗോൾഡ്	gold	4844.80	4
ਪਾਇਨੀਅਰ	pioneer	4844.80	8
গোল্ড	gold	4844.80	24
ஸ்கை	sky	4844.80	8
ਗੋਲਡ	gold	4844.80	8
મોડર્ન	higway	4844.80	4
ಮೀಡಿಯಾ	bunk	4844.80	4
પાયોનિયર	pioneer	4844.80	12
സ്കൈ	sky	4844.80	24
ಸ್ಕೈ	sky	4844.80	8
ಈಸ್ಟರ್ನ್	eastern	4844.80	8
ગેલેક્સી	nishku	4844.80	4
રિયલ	real	4844.80	16
ரியல்	real	4844.80	4
ರಿಯಲ್	real	4844.80	8
గోల్డ్	gold	4844.80	12
ରିଅଲ୍	real	4844.80	12
స్కై	sky	4844.80	8
गोल्ड	gold	4844.80	36
रियल	real	4844.80	80
स्काई	sky	4844.80	36
கோல்டு	gold	4844.80	20
బాలాజీ	balaji	4658.46	4
बालाजी	balaji	4658.46	48
ಬಾಲಾಜಿ	balaji	4658.46	20
বালাজি	balaji	4658.46	4
ராஜ்	raj	4485.93	8
గుడ్	good	4485.93	16
आनंद	anand	4485.93	48
பாபா	baba	4485.93	8
ગુડ	good	4485.93	32
ಗುಡ್	good	4485.93	40
राज	raj	4485.93	36
ਬਾਬਾ	baba	4485.93	16
આનંદ	anand	4485.93	16
આણંદ	anand	4485.93	16
गुड	good	4485.93	80
ബാബ	baba	4485.93	4
ഗുഡ്	good	4485.93	4
బాబా	baba	4485.93	24
ಬಾಬಾ	baba	4485.93	8
குட்	good	4485.93	16
ஆனந்த்	anand	4485.93	16
રાજ	raj	4485.93	8
গুড	good	4485.93	4
রাজ	raj	4485.93	8
બાબા	baba	4485.93	12
ରାଜ	raj	4485.93	8
बाबा	baba	4485.93	56
రాజ్	raj	4485.93	28
ವಿಜಯ್	vijay	4325.71	8
హెల్త్‌కేర్	healthcare	4325.71	16
हेल्थकेयर	healthcare	4325.71	56
गैलेक्सी	galaxy	4325.71	60
હેલ્થકેર	healthcare	4325.71	28
इंफोटेक	infotech	4325.71	84
ಗ್ಯಾಲಕ್ಸಿ	galaxy	4325.71	8
ବିଜୟ	vijay	4325.71	8
ಇನ್‌ಫೋಟೆಕ್	infotech	4325.71	16
గెలాక్సీ	galaxy	4325.71	36
கேலக்ஸி	galaxy	4325.71	28
बिग	big	4325.71	24
இன்ஃபோடெக்	infotech	4325.71	16
विजय	vijay	4325.71	64
ઇન્ફોટેક	infotech	4325.71	8
ಬಿಗ್	big	4325.71	8
બિગ	big	4325.71	12
ஹெல்த்கேர்	healthcare	4325.71	8
ಹೆಲ್ತ್‌ಕೇರ್	healthcare	4325.71	8
பிக்	big	4325.71	8
ইনফোটেক	infotech	4325.71	4
విజయ్	vijay	4325.71	12
ഇൻഫോടെക്	infotech	4325.71	4
વિજય	vijay	4325.71	4
ഇൻഡസ്ട്രീസ്	palackal	4258.12	3
కన్‌స్ట్రక్షన్స్	rajalingam	4258.12	3
ਇੰਪੈਕਸ	kartar	4258.12	3
সলিউশনস	sindrani	4258.12	3
પ્રોડ્યુસર	nishku	4258.12	3
குளோபல்	padappai	4258.12	3
ಬೆಸ್ಟ್	haralukunte	4258.12	3
இன்ஜினியரிங்	sydenhams	4258.12	3
प्रोजेक्ट्स	projects	4176.55	72
इम्पेक्स	impex	4176.55	100
इंडियन	indian	4176.55	88
ইম্পেক্স	impex	4176.55	20
सनराइज	sunrise	4176.55	88
ইন্ডিয়ান	indian	4176.55	8
ఇండియన్	indian	4176.55	12
ఇంపెక్స్	impex	4176.55	20
સનરાઇઝ	sunrise	4176.55	4
സൺറൈസ്	sunrise	4176.55	8
ઇમ્પેક્સ	impex	4176.55	8
ਸਨਰਾਈਜ਼	sunrise	4176.55	8
புராஜெக்ட்ஸ்	projects	4176.55	4
ಇಂಪೆಕ್ಸ್	impex	4176.55	28
ಇಂಡಿಯನ್	indian	4176.55	4
প্রজেক্টস	projects	4176.55	4
ഇംപെക്സ്	impex	4176.55	8
ପ୍ରୋଜେକ୍ଟସ୍	projects	4176.55	12
লক্ষ্মী	laxmi	4176.55	8
இந்தியன்	indian	4176.55	8
बिल्डर्स	builders	4037.33	52
அர்பன்	urban	4037.33	16
ਬਿਲਡਰਜ਼	builders	4037.33	24
ബിൽഡേഴ്സ്	builders	4037.33	12
अर्बन	urban	4037.33	24
বিল্ডার্স	builders	4037.33	32
બિલ્ડર્સ	builders	4037.33	4
బిల్డర్స్	builders	4037.33	8
അർബൻ	urban	4037.33	4
डेवलपर्स	developers	3907.10	84
सुप्रीम	supreme	3907.10	52
ਡਿਵੈਲਪਰਜ਼	developers	3907.10	4
సుప్రీమ్	supreme	3907.10	8
યુનાઇટેડ	shukan	3862.24	5
પ્રોડક્ટ્સ	shukan	3862.24	5
సాఫ్ట్‌వేర్	kothapet	3785.00	3
इंजीनियरिंग	engineering	3785.00	92
ಇಂಜಿನಿಯರಿಂಗ್	engineering	3785.00	32
ఇంజనీరింగ్	engineering	3785.00	16
എൻജിനീയറിംഗ്	engineering	3785.00	8
లైఫ్	life	3670.30	12
పవర్	power	3670.30	12
ಪವರ್	power	3670.30	12
लाइफ	life	3670.30	88
पावर	power	3670.30	124
லைஃப்	life	3670.30	8
ଲାଇଫ୍	life	3670.30	4
લાઇફ	life	3670.30	8
പവർ	power	3670.30	4
লাইফ	life	3670.30	4
પાવર	power	3670.30	8
ലൈഫ്	life	3670.30	8
ਪਾਵਰ	power	3670.30	8
ശ്രീ	sree	3588.74	8
फूड	food	3562.35	112
ஃபுட்	food	3562.35	16
ब्राइट	bright	3562.35	52
स्मार्ट	smart	3562.35	36
ফুড	food	3562.35	8
ఫుడ్	food	3562.35	28
സ്മാർട്ട്	smart	3562.35	8
ફૂડ	food	3562.35	8
શ્રી	shree	3562.35	4
ಫುಡ್	food	3562.35	20
స్మార్ట్	smart	3562.35	20
இன்வெஸ்ட்மெண்ட்ஸ்	investments	3460.57	32
मीडिया	media	3460.57	64
ऑल	all	3460.57	84
एग्रो	agro	3460.57	112
వైట్	white	3460.57	16
ഓൾ	all	3460.57	8
మీడియా	media	3460.57	24
इन्वेस्टमेंट्स	investments	3460.57	76
ઓલ	all	3460.57	28
ઇન્વેસ્ટમેન્ટ્સ	investments	3460.57	16
অল	all	3460.57	8
ଆଗ୍ରୋ	agro	3460.57	4
মিডিয়া	media	3460.57	4
વ્હાઇટ	white	3460.57	8
ଅଲ୍	all	3460.57	4
ఇన్వెస్ట్‌మెంట్స్	investments	3460.57	8
ইনভেস্টমেন্টস	investments	3460.57	8
ಅಗ್ರೋ	agro	3460.57	8
വൈറ്റ്	white	3460.57	16
ಇನ್ವೆಸ್ಟ್‌ಮೆಂಟ್ಸ್	investments	3460.57	4
व्हाइट	white	3460.57	36
অ্যাগ্রো	agro	3460.57	40
ஆல்	all	3460.57	40
ஜெய்	jai	3406.50	24
प्रीमियर	premier	3364.44	40
एस	ace	3364.44	60
ഇൻവെസ്റ്റ്മെന്റ്	investment	3364.44	20
ఇన్వెస్ట్‌మెంట్	investment	3364.44	44
ಇನ್ವೆಸ್ಟ್‌ಮೆಂಟ್	investment	3364.44	12
பிரீமியர்	premier	3364.44	12
इन्वेस्टमेंट	investment	3364.44	96
क्लासिक	classic	3364.44	68
શિવ	tankaria	3364.44	4
કન્સલ્ટન્ટ્સ	tankaria	3364.44	4
फूड्स	foods	3364.44	52
హాస్పిటాలిటీ	rsity	3364.44	4
ফাউন্ডেশন	paraganas	3364.44	4
ક્લાસિક	classic	3364.44	12
ಫುಡ್ಸ್	foods	3364.44	4
এলএলপি	sodepur	3364.44	4
ஏஸ்	ace	3364.44	4
ফুডস	foods	3364.44	12
ઇન્વેસ્ટમેન્ટ	investment	3364.44	8
প্রিমিয়ার	premier	3364.44	12
টেকনোলজিস	10f	3364.44	4
క్లాసిక్	classic	3364.44	4
ഫുഡ്സ്	foods	3364.44	12
கிளாசிக்	classic	3364.44	16
ప్రీమియర్	premier	3364.44	4
ക്ലാസിക്	classic	3364.44	4
प्रॉपर्टीज	properties	3273.51	124
ପ୍ରୋପର୍ଟିଜ୍	properties	3273.51	16
डायनामिक	dynamic	3273.51	92
ग्रेट	great	3273.51	76
ডায়নামিক	dynamic	3273.51	8
ಮಾಡರ್ನ್	modern	3273.51	16
ప్రాపర్టీస్	properties	3273.51	16
মডার্ন	modern	3273.51	4
हॉस्पिटैलिटी	hospitality	3273.51	124
কনসাল্টিং	consulting	3273.51	8
ഹോസ്പിറ്റാലിറ്റി	hospitality	3273.51	4
ಹಾಸ್ಪಿಟಾಲಿಟಿ	hospitality	3273.51	8
புராப்பர்ட்டீஸ்	properties	3273.51	8
કન્સલ્ટિંગ	consulting	3273.51	4
ஹாஸ்பிடாலிட்டி	hospitality	3273.51	8
প্রপার্টিজ	properties	3273.51	4
కన్సల్టింగ్	consulting	3273.51	8
कंसल्टिंग	consulting	3273.51	144
గ్రేట్	great	3273.51	12
मॉडर्न	modern	3273.51	24
ಗ್ರೇಟ್	great	3273.51	12
ಡೈನಾಮಿಕ್	dynamic	3273.51	12
इंफ्रा	infra	3187.37	88
ಇನ್‌ಫ್ರಾ	infra	3187.37	24
ઇન્ફ્રા	infra	3187.37	24
ইনফ্রা	infra	3187.37	8
இன்ஃப்ரா	infra	3187.37	8
ఇన్‌ఫ్రా	infra	3187.37	4
प्राइम	prime	3105.64	84
ప్రైమ్	prime	3105.64	24
ஃபைனான்ஸ்	finance	3105.64	8
कंस्ट्रक्शंस	constructions	3105.64	116
फाइनेंस	finance	3105.64	80
કન્સ્ટ્રક્શન્સ	constructions	3105.64	8
ಕನ್‌ಸ್ಟ್ರಕ್ಷನ್ಸ್	constructions	3105.64	16
কনস্ট্রাকশনস	constructions	3105.64	44
ಫೈನಾನ್ಸ್	finance	3105.64	16
பிரைம்	prime	3105.64	4
ഫിനാൻസ്	finance	3105.64	12
প্রাইম	prime	3105.64	4
प्रोड्यूसर	producer	3028.00	160
প্রডিউসার	producer	3028.00	8
ప్రొడ్యూసర్	producer	3028.00	16
रेड	red	2954.15	60
एक्सपोर्ट्स	exports	2954.15	100
ରେଡ୍	red	2954.15	4
ಎಕ್ಸ್‌ಪೋರ್ಟ್ಸ್	exports	2954.15	16
विजन	vision	2954.15	120
ਵਿਜ਼ਨ	vision	2954.15	8
రెడ్	red	2954.15	4
எக்ஸ்போர்ட்ஸ்	exports	2954.15	4
एपेक्स	apex	2954.15	88
ఎక్స్‌పోర్ట్స్	exports	2954.15	8
એક્સપોર્ટ્સ	exports	2954.15	60
इंफ्रास्ट्रक्चर	infrastructure	2954.15	100
ಅಪೆಕ್ಸ್	apex	2954.15	4
ઇન્ફ્રાસ્ટ્રક્ચર	infrastructure	2954.15	8
ఏపెక్స్	apex	2954.15	8
অ্যাপেক্স	apex	2954.15	8
એપેક્સ	apex	2954.15	4
அபெக்ஸ்	apex	2954.15	8
ഇൻഫ്രാസ്ട്രക്ചർ	infrastructure	2954.15	8
இன்ஃப்ராஸ்ட்ரக்சர்	infrastructure	2954.15	8
ರಾಮ್	ram	2954.15	8
राम	ram	2954.15	84
রেড	red	2954.15	28
ராம்	ram	2954.15	24
ଏନର୍ଜି	energy	2883.81	8
बेस्ट	best	2883.81	72
బెస్ట్	best	2883.81	8
এনার্জি	energy	2883.81	4
എനർജി	energy	2883.81	4
क्रिएटिव	creative	2883.81	28
ബെസ്റ്റ്	best	2883.81	4
எனர்ஜி	energy	2883.81	16
ಎನರ್ಜಿ	energy	2883.81	8
एनर्जी	energy	2883.81	96
બેસ્ટ	best	2883.81	24
ఎనర్జీ	energy	2883.81	12
लॉजिस्टिक्स	logistics	2816.74	136
ఐటీ	it	2816.74	8
আইটি	it	2816.74	28
ഐടി	it	2816.74	4
ஐடி	it	2816.74	44
ಲಾಜಿಸ್ಟಿಕ್ಸ್	logistics	2816.74	4
లాజిస్టిక్స్	logistics	2816.74	8
आईटी	it	2816.74	100
લોજિસ્ટિક્સ	logistics	2816.74	12
லாஜிஸ்டிக்ஸ்	logistics	2816.74	12
कंस्ट्रक्शन	construction	2752.73	80
କନଷ୍ଟ୍ରକସନ୍	construction	2752.73	8
കൺസ്ട്രക്ഷൻ	construction	2752.73	8
కన్‌స్ట్రక్షన్	construction	2752.73	12
கன்ஸ்ட்ரக்ஷன்	construction	2752.73	8
వెంచర్స్	srls	2725.20	3
నార్త్	dharma	2725.20	3
ಗ್ಲೋಬಲ್	bylakonenahalli	2725.20	3
മാർക്കറ്റിംഗ്	vmbroadpathadipalam	2725.20	3
कृष्ण	krishna	2691.56	28
कृष्णा	krishna	2691.56	12
रॉयल	royal	2633.04	100
ब्लू	blue	2633.04	68
બ્લૂ	blue	2633.04	36
डिजिटल	digital	2633.04	32
ಡಿಜಿಟಲ್	digital	2633.04	8
ராயல்	royal	2633.04	4
டிஜிட்டல்	digital	2633.04	8
ରୟାଲ୍	royal	2633.04	4
ബ്ലൂ	blue	2633.04	4
ಹೈ	high	2577.02	4
हाई	high	2577.02	104
ਹਾਈ	high	2577.02	4
ഹൈ	high	2577.02	8
ஹை	high	2577.02	8
टेक्नोलॉजी	technology	2523.33	92
புராடக்ட்ஸ்	products	2523.33	28
প্রোডাক্টস	products	2523.33	12
ಪ್ರೊಡಕ್ಟ್ಸ್	products	2523.33	44
ప్రొడక్ట్స్	products	2523.33	4
प्रोडक्ट्स	products	2523.33	60
ଟେକ୍ନୋଲୋଜି	technology	2523.33	8
ટેક્નોલોજી	technology	2523.33	4
টেকনোলজি	technology	2523.33	4
साई	sai	2471.84	48
साईं	sai	2471.84	24
कंसल्टेंसी	consultancy	2471.84	124
কনসালটেন্সি	consultancy	2471.84	8
ಕನ್ಸಲ್ಟೆನ್ಸಿ	consultancy	2471.84	16
यूनाइटेड	united	2471.84	72
ਯੂਨਾਈਟਿਡ	united	2471.84	8
સાઈ	sai	2471.84	4
సాయి	sai	2471.84	8
ఇంటర్నేషనల్	sunderabad	2471.84	4
ୟୁନାଇଟେଡ୍	united	2471.84	8
সাই	sai	2471.84	8
கன்சல்டன்சி	consultancy	2471.84	8
ਕੰਸਲਟੈਂਸੀ	consultancy	2471.84	8
சாய்	sai	2471.84	8
એસ્ટેટ	makarpura	2471.84	4
সার্ভিসেস	sodepur	2471.84	4
ಸಾಯಿ	sai	2471.84	16
എൽഎൽപി	ayanikkad	2471.84	4
वेंचर्स	ventures	2422.40	76
ಸಿಲ್ವರ್	vv	2422.40	4
ವೆಂಚರ್ಸ್	ventures	2422.40	12
ভেঞ্চারস	ventures	2422.40	12
સિસ્ટમ્સ	systems	2374.90	12
സിസ്റ്റംസ്	systems	2374.90	8
సిస్టమ్స్	systems	2374.90	24
ਸਿਸਟਮਜ਼	systems	2374.90	8
சிஸ்டம்ஸ்	systems	2374.90	4
सिस्टम्स	systems	2374.90	48
श्री	sree	2296.79	32
சாஃப்ட்வேர்	software	2242.96	20
সফটওয়্যার	software	2242.96	8
ସଫ୍ଟୱେୟାର୍	software	2242.96	4
ಸಾಫ್ಟ್‌ವೇರ್	software	2242.96	16
ಗೋಲ್ಡನ್	golden	2242.96	12
സോഫ്റ്റ്‌വെയർ	software	2242.96	8
सॉफ्टवेयर	software	2242.96	76
गोल्डन	golden	2242.96	56
સોફ્ટવેર	software	2242.96	28
మేనేజ్‌మెంట్	management	2202.18	24
મેનેજમેન્ટ	management	2202.18	24
மேனேஜ்மெண்ட்	management	2202.18	12
मैनेजमेंट	management	2202.18	132
മാനേജ്മെന്റ്	management	2202.18	8
ম্যানেজমেন্ট	management	2202.18	8
स्टार	star	2162.86	48
സ്റ്റാർ	star	2162.86	16
ಸ್ಟಾರ್	star	2162.86	4
जय	jay	2119.75	48
मार्केटिंग	marketing	2088.28	100
মার্কেটিং	marketing	2088.28	12
ಮಾರ್ಕೆಟಿಂಗ್	marketing	2088.28	4
మార్కెటింగ్	marketing	2088.28	8
శ్రీ	sree	2018.67	4
फाउंडेशन	foundation	1985.57	56
ഫൗണ്ടേഷൻ	foundation	1985.57	12
ஃபவுண்டேஷன்	foundation	1985.57	16
ಫೌಂಡೇಶನ್	foundation	1985.57	4
ఫౌండేషన్	foundation	1985.57	8
ફાઉન્ડેશન	foundation	1985.57	4
એન્ટરપ્રાઇઝિસ	enterprises	1985.57	24
ఎంటర్‌ప్రైజెస్	enterprises	1985.57	8
এন্টারপ্রাইজেস	enterprises	1985.57	16
एंटरप्राइजेज	enterprises	1985.57	120
ಬಿಸಿನೆಸ್	business	1922.54	28
बिजनेस	business	1922.54	104
બિઝનેસ	business	1922.54	8
বিজনেস	business	1922.54	8
பிசினஸ்	business	1922.54	8
బిజినెస్	business	1922.54	4
ബിസിനസ്	business	1922.54	4
टेक	tech	1892.50	216
ઇન્ટરનેશનલ	satyagruh	1892.50	3
ಕೇರ್	nttf	1892.50	3
सिल्वर	navipeth	1892.50	3
টেক	tech	1892.50	12
టెక్	tech	1892.50	24
ટેક	tech	1892.50	40
ടെക്	tech	1892.50	4
லக்ஷ்மி	laxmi	1856.25	8
சில்வர்	silver	1807.76	4
సిల్వర్	silver	1807.76	8
સિલ્વર	silver	1807.76	8
कंसल्टेंट्स	consultants	1730.29	84
ਇੰਡਸਟ੍ਰੀਜ਼	industries	1730.29	16
ఇండస్ట్రీస్	industries	1730.29	12
ઇન્ડસ્ટ્રીઝ	industries	1730.29	8
కన్సల్టెంట్స్	consultants	1730.29	24
इंडस्ट्रीज	industries	1730.29	88
ಕನ್ಸಲ್ಟೆಂಟ್ಸ್	consultants	1730.29	8
இண்டஸ்ட்ரீஸ்	industries	1730.29	24
கன்சல்டன்ட்ஸ்	consultants	1730.29	4
ଇଣ୍ଡଷ୍ଟ୍ରିଜ୍	industries	1730.29	4
ട്രേഡിംഗ്	trading	1659.18	12
ट्रेडिंग	trading	1659.18	68
ਟ੍ਰੇਡਿੰਗ	trading	1659.18	8
ટ્રેડિંગ	trading	1659.18	12
டிரேடிங்	trading	1659.18	28
लक्ष्मी	laxmi	1655.72	68
ग्रीन	green	1572.99	48
கிரீன்	green	1572.99	4
ਗ੍ਰੀਨ	green	1572.99	4
टेक्नोलॉजीज	technologies	1552.82	68
டெக்னாலஜீஸ்	technologies	1552.82	36
ટેક્નોલોજીસ	technologies	1552.82	4
టెక్నాలజీస్	technologies	1552.82	20
ਟੈਕਨਾਲੋਜੀਜ਼	technologies	1552.82	8
ടെക്നോളജീസ്	technologies	1552.82	4
ಟೆಕ್ನಾಲಜೀಸ್	technologies	1552.82	8
ଟେକ୍ନୋଲୋଜିସ୍	technologies	1552.82	8
இன்டர்நேஷனல்	international	1514.00	16
इंटरनेशनल	international	1514.00	208
ഇന്റർനാഷണൽ	international	1514.00	8
एस्टेट	estate	1392.18	100
ఎస్టేట్	estate	1392.18	16
ଏଷ୍ଟେଟ୍	estate	1392.18	8
ਇਸਟੇਟ	estate	1392.18	8
ಎಸ್ಟೇಟ್	estate	1392.18	4
ಸೊಲ್ಯೂಷನ್ಸ್	bylakonenahalli	1390.41	3
గ్లోబల్	madhuranagar	1390.41	3
सॉल्यूशंस	solutions	1376.36	64
સોલ્યુશન્સ	solutions	1376.36	20
సొల్యూషన్స్	solutions	1376.36	16
গ্লোবাল	global	1360.90	44
ग्लोबल	global	1360.90	112
ગ્લોબલ	global	1360.90	16
ਗਲੋਬਲ	global	1360.90	4
फर्स्ट	first	1261.67	56
ફર્સ્ટ	first	1261.67	8
ਫਰਸਟ	first	1261.67	4
ਫਸਟ	first	1261.67	8
ഫസ്റ്റ്	first	1261.67	8
सर्विसेज	services	1153.52	92
સર્વિસીસ	services	1153.52	16
సర్వీసెస్	services	1153.52	4
സർവീസസ്	services	1153.52	8
ಸರ್ವಿಸಸ್	services	1153.52	8
எல்எல்பி	mylapore	1081.43	3
ఎల్‌ఎల్‌పీ	llp	931.69	36
એલએલપી	llp	931.69	12
एलएलपी	llp	931.69	200
ಎಲ್ಎಲ್‌ಪಿ	llp	931.69	20
गुजरात	hingar	841.11	3
అల్	al	835.31	12
আল	al	835.31	12
अल	al	835.31	60
केयर	care	752.30	84
கேர்	care	752.30	8
కేర్	care	752.30	12
ईस्ट	east	725.27	32
ইস্ট	east	725.27	8
ಈಸ್ಟ್	east	725.27	4
ఈస్ట్	east	725.27	16
ஈஸ்ட்	east	725.27	16
નોર્થ	north	708.30	8
नॉर्थ	north	708.30	72
ਨਾਰਥ	north	708.30	4
நார்த்	north	708.30	4
ಗುಜರಾತ್	gujarat	548.05	8
குஜராத்	gujarat	548.05	12
గుజరాత్	gujarat	548.05	16
साउथ	south	511.05	28
సౌత్	south	511.05	12
સાઉથ	south	511.05	4
সাউথ	south	511.05	4
ಸೌತ್	south	511.05	8
न्यू	new	285.66	108
ನ್ಯೂ	new	285.66	8
న్యూ	new	285.66	4
प्रा	pvt	254.99	648
પ્રા	pvt	254.99	108
सिटी	city	225.55	40
ਸਿਟੀ	city	225.55	8
সিটি	city	225.55	8
சிட்டி	city	225.55	4
ter	terrace	216.29	40
trl	trail	210.28	62
लि	ltd	206.69	648
લિ	ltd	206.69	108
pkwy	parkway	194.10	64
ପ୍ରାଇଭେଟ୍	rasulgarh	188.73	6
ఆంధ్రప్రదేశ్	andhra	161.06	34
ap	andhra	161.06	53
ଓଡ଼ିଶା	orissa	154.49	26
ଲିମିଟେଡ୍	orissa	154.49	22
pb	punjab	154.49	73
ਪ੍ਰਾਈਵੇਟ	punjab	154.49	21
ਲਿਮਟਿਡ	punjab	154.49	29
ਪੰਜਾਬ	punjab	154.49	37
hwy	highway	142.83	34
od	orissa	141.88	46
मध्य	madhya	98.31	67
utah	ut	97.05	122
mp	madhya	96.34	98
br	bihar	89.06	102
बिहार	bihar	89.06	73
blvd	boulevard	87.01	172
iowa	ia	83.19	136
प्राइवेट	private	80.11	2800
પ્રાઇવેટ	private	80.11	340
ft	fort	79.97	31
lnc	inc	76.57	72
pl	place	72.10	129
cir	circle	69.45	169
लिमिटेड	limited	67.33	3280
લિમિટેડ	limited	67.33	396
rj	rajasthan	66.99	142
राजस्थान	rajasthan	66.99	81
പ്രൈവറ്റ്	kerala	66.40	51
ലിമിറ്റഡ്	kerala	66.40	51
കേരളം	kerala	66.40	75
kl	kerala	66.40	133
প্রাইভেট	private	60.99	356
हरियाणा	haryana	60.08	109
ప్రైవేట్	private	59.65	428
hr	haryana	59.26	145
ಪ್ರೈವೇಟ್	private	52.80	328
লিমিটেড	limited	52.73	400
లిమిటెడ్	limited	51.33	468
ಲಿಮಿಟೆಡ್	limited	46.92	384
பிரைவேட்	private	43.49	336
tg	telangana	42.06	188
తెలంగాణ	telangana	42.06	115
லிமிடெட்	limited	38.89	380
ct	court	37.24	317
পশ্চিমবঙ্গ	bengal	36.75	177
wb	bengal	36.75	260
ગુજરાત	gujarat	35.52	167
தமிழ்நாடு	nadu	34.25	184
gj	gujarat	34.25	293
ಕರ್ನಾಟಕ	karnataka	33.50	199
ka	karnataka	33.50	287
ohio	oh	30.40	427
उत्तर	uttar	29.12	208
up	uttar	28.93	319
york	ny	21.09	598
प्रदेश	pradesh	19.82	275
ln	lane	19.31	635
दिल्ली	delhi	16.97	349
dl	delhi	16.86	583
ave	avenue	11.49	1154
महाराष्ट्र	maharashtra	11.17	604
mh	maharashtra	11.17	873
dr	drive	8.59	1259
st	street	6.91	1598
rd	road	4.74	1517
b3	ltd	1.69	46
